name,ring,split,azimuth_deg,elevation_deg,sha256
high_001.jpg,high,train,177.54,47.56,7751b26038708b8c1e350b83a3b96fab5c386009ba6598364b5046d480006268
high_002.jpg,high,train,161.41,43.6,311e08ef2d87109816be1ac6bc885ef96ad2855db403ae5211e46f443f0e2859
high_003.jpg,high,train,148.05,41.8,605f7cc2c9278fb17c096565b0703b242d4d7639d7c938698def5bd16220f93d
high_004.jpg,high,holdout,141.57,42.88,a9312808aacbedc6fc6a831c7fe51e211e83f308f656d916a25a5cec9779fefd
high_005.jpg,high,train,135.56,42.28,5203efd3e1162af1fb807108d8a879095644b9c6baf0d7bbe14ecbdb3633b8c0
high_006.jpg,high,train,114.3,48.02,20b503ba78482b765ab1664b5ee3b504aa898562e6fc7cc83975313a64870fbc
high_007.jpg,high,train,96.69,47.77,33e374b765081d8f8e5f685219f263f90ec644987e1c9ec5ebe02e621079d734
high_008.jpg,high,train,82.36,47.87,0f572dbb3d36c95e99b4b0efaa9d860fe2ff3a8f9a8a1e3841ed5296aaaa6859
high_009.jpg,high,train,69.93,45.91,102f6af94e3058a35d21b1f0253a8993859ca324619eb2f908ae7ce3b137dbfb
high_010.jpg,high,train,60.8,38.94,e6f1e559e63265d429434a36b4cf1700618ba5d4b1d3eed1949a1e375183bafe
high_011.jpg,high,train,192.33,50.89,ffc62c30d01e50bbb9303a870b0661f750727f40b5c5549ca0c82fdb5496a569
high_012.jpg,high,train,47.17,42.99,aa59586873fc499fc7857a4f46d2fcf3d9acaa24174e1c94b8e73128c82431d4
high_013.jpg,high,holdout,31.94,42.21,e61193177326aa39bff481bee938542b26b97c53f76c52a3c3379ec5cf1ef843
high_014.jpg,high,train,356.72,50.64,063a647799a18ab34fcdf922cfa26a68a1a434d4978f79423d1beee97f845c36
high_015.jpg,high,train,338.41,52.03,d93e22cd929b5d29662e5019ca55c5a96999482988d0251eddd896e35cf3a853
high_016.jpg,high,train,325.69,51.58,bc95643184788a1346181bec4a9272d91229181ddd4cb4ca2479d6dee994db35
high_017.jpg,high,train,320.83,48.49,478f09c557636e4c21cc8a9c2c8db8d94636e2e87ce9896bdd0513331fcb8ea2
high_018.jpg,high,train,304.01,52.84,7889a4f07af7a504585257a0594cc9432da0c349a5d3e4e602fb8123e7001c8d
high_019.jpg,high,train,289.81,53.08,3969b32371297ea7129996c5cb0e9366295aae86278018a03baa749ab069ce29
high_020.jpg,high,train,260.69,52.0,42aa37e5044642d419313b42893849df36f5125f9409d58535da6cfe7ded4fd6
high_021.jpg,high,holdout,243.72,45.78,5f72c378ec9f456f7341288c554296b4d5961cea9352b942f58ba4623a00dc04
high_022.jpg,high,train,238.36,36.69,193230fcae54744d42f4bc1894618b3decb792c92e5c25ea569c23992c7a4c8e
high_023.jpg,high,train,221.76,37.95,987733710aa466a6492d0f6441f221b6df168d882cdb75d0976bf5b562c6554d
high_024.jpg,high,train,212.11,40.68,ba2561c26c941a83714dc5f75d11f4be0e14035b294923fd1920f6eca781849f
low_001.jpg,low,train,197.21,24.44,e8e24d4c8cafd169f47fe4e02ae8fd590d1fbaa7980e91a5a9fa80d69b5c590e
low_002.jpg,low,train,181.56,12.57,2a5e80837f29f2631295e6c51fe19d5172a1aff98045402f3edc00880c4fa79e
low_003.jpg,low,train,167.13,11.04,2c888f2792a102b1db6d0a304bf9a96384d8aaca91844c3dd0d6e57a10aca8d2
low_004.jpg,low,holdout,152.54,11.31,bdf6452006d660855d0b0e0c5b900cd09b99e05bda81902699960e18bd070680
low_005.jpg,low,train,128.67,8.78,ae45f20375b4cc3bcba7e9e3b633389d48316536ec66dee5206da7383278500b
low_006.jpg,low,train,95.08,7.93,f44b0469e468d91f62d5d348a255b47c75e9479163bb3e60f9dc4a0263d320e5
low_007.jpg,low,train,80.48,13.81,d99afa42d511884cd991bb36ceae4046d242f4f13a4640f0b50a5134e86272b3
low_008.jpg,low,train,69.94,10.52,2a1b9ca2bce1f899339612668b56ba5b806f549265eacce4d0d7cfe6c18fdfde
low_009.jpg,low,train,42.95,10.92,a48f1b4e628cd29e4f6221983f61bdbb9d32141742da6bc00a5b53120a53b39b
low_010.jpg,low,holdout,21.44,9.56,08fd98eb94b72a88ade36d7511d0c395f9bf5271b05fcf4840571265a1e0f2fe
low_011.jpg,low,train,359.17,11.02,762c75d0e53a08f3f1e55486dc8998bf7bc44a9c9853dfccae1757b833cdf910
low_012.jpg,low,train,339.83,10.96,11188a2434afed4d3f700120a012411714e90c0d98c8c5d4d18c4845ac7197b2
low_013.jpg,low,train,322.42,20.65,b447bd5f0dfc2176e402b6a94ff26d39d3c9a031b53e24b79d9192158fb2b621
low_014.jpg,low,train,310.75,15.65,27c4668d027964a0576706947da4846a8b0e2d3a1bf3ec9e38663ecaedfdf48b
low_015.jpg,low,train,279.55,16.97,943f1608a6f43177bf7835930013a693191660c27f08292079f68d9155373dcc
low_016.jpg,low,holdout,254.05,20.78,ebfb40d989fe0199b7abebaf1e2da4deb097374eaa08756fb63ca71c84d15a2a
low_017.jpg,low,train,240.59,20.93,50d8eaaba1e5fc355b3995a96c0bfd221d10678abf07fc0a4490e1bb305d5cb5
low_018.jpg,low,train,226.13,22.6,2278422ee073e367f6a1c3d196d9d97c2ee5db6b43e522568870f027d6c44606
low_019.jpg,low,train,208.24,21.59,1ee5a79f03e228f3bad24620057670d96c9bf156364723467790f9e361573459
mid_001.jpg,mid,train,200.57,42.12,e714891748b060b5e96175af1f931627836826b43b00dae8ef6be483b20c77d4
mid_002.jpg,mid,train,188.66,46.45,47985debd4535dc1394bd5a0add4dd7a65861b2602922ce610b2cd061881b12e
mid_003.jpg,mid,train,181.82,43.99,269c5e566ec60dc2ded9515603d417f72bfeef25bb18049a2abb9fa01a232631
mid_004.jpg,mid,train,175.61,42.56,5a44ce49d5eb4fcedf849fe1a7c759e2bf0bf9b50d9d694ea015f27b0151e5db
mid_005.jpg,mid,train,169.42,42.82,8e0351adde6d94a59162c0a51f3f1ec6b903d2eaf08e70587f2f9c22fd4736a7
mid_006.jpg,mid,holdout,162.2,44.42,5fcd1a01a09e53032bb99317c1cb3c4668310b455be3dbec23b4d600d5523c2b
mid_007.jpg,mid,train,151.75,44.52,4842b9758cb22381afa681945713a5846c6a7701469fd78fc673e38d78d1ced6
mid_008.jpg,mid,train,147.99,43.72,17ba148a2edb857df26ff4fb7f6dd0887430a089bc7966ba2f2cd19d392225a1
mid_009.jpg,mid,train,145.89,43.12,bd38d9fbdf8686f240f06d0eef07b2250b16c93c2ee48f3dccd97c961e164380
mid_010.jpg,mid,train,118.36,43.42,5b2c1ddc0710b061e94601d470f8b6eec393d962d876004908818ab642d6b5ca
mid_011.jpg,mid,train,108.54,41.72,08a582c5618f2f2c25577be48f95e922e575979ff0a5bb92f07e8b3766c1ef68
mid_012.jpg,mid,train,104.82,44.11,644cbe0e238f2ebc711b4b84e0bc1b9585b0d50c80725f2edf0f86ab207f6740
mid_013.jpg,mid,train,102.28,43.77,eb4ab77cb5be595d2ae9fcf55b97f022e091f274a67b8f24d38f95fe3605e742
mid_014.jpg,mid,holdout,93.15,44.03,84dff5f7e48a536c8c3ee68cd3d4bd7ec3a96993ddafd086634778a80aeef8b6
mid_015.jpg,mid,train,87.51,42.38,3ed8efe7a4aa8ade3a922e684bc455463f553184b6c65cfc12341a82ed1dc00e
mid_016.jpg,mid,train,74.33,42.73,5fadc2cf015fa91452b25447fb92a42339237c41b5e4523255ffe2cd3f82d95b
mid_017.jpg,mid,train,64.4,42.11,afa639a7ac4e70c2cc6dce50648c2dea646a1a1af7dfcc5fe2da1f7d8c2ec59a
mid_018.jpg,mid,train,52.49,40.09,6aa4e0159eb2abb20880516b900dff2d9722ce3e0e0cf275a87693714c3d8e77
mid_019.jpg,mid,train,25.82,44.95,72c92753f2dbd655a258ca5f3a32cbf9b3200462ffabfc517fd8af4c8e9ef523
mid_020.jpg,mid,train,10.19,45.38,b17e2047953779c942abd121f9511377f057ba785d866cc8c4117daf2ccfef88
mid_021.jpg,mid,holdout,3.44,42.93,f1e3d6d029f043326a4a7e8cbb4935360c100a5ef715ca0217be84ceefabb39a
mid_022.jpg,mid,train,355.16,43.55,8e321a71cb51a6fac246b75b2a556140095afa7ae262219b1b1cbea77b5f0ad9
mid_023.jpg,mid,train,346.88,43.78,9b78938d78c8863f2a08b8eb36156833d7627d9623aad49c84c6d4b91b90ad98
mid_024.jpg,mid,train,334.46,46.69,da57a345080bf9a797e9f3d788a07be2643d1ca214e53cacc1ec8c6b94728764
mid_025.jpg,mid,train,329.76,42.7,9a407ac013eaae8f6052104ef263a41b87aa32380d7ec4d47fc1e7e9b9fba8c9
mid_026.jpg,mid,train,320.6,42.32,d771a4e00dc64465d1950587146f837d35f4c5ddd0f5fdef0f8da2fe7ab53b85
mid_027.jpg,mid,train,316.75,41.64,5d7bfedcb355c9bec81f1c76d32205f9bfbf807a07e4dd3b9f7fa20ef3c8d3b3
mid_028.jpg,mid,holdout,290.45,34.14,cd716e227aff99a938c6559f9598f63ea8388f5b1436a5523b1265935f24c676
mid_029.jpg,mid,train,277.46,36.08,d36187c389aa3a654333161d818d278d5ea20551048eebf318a9169b3b74ad8c
mid_030.jpg,mid,train,268.81,36.41,529c5aa2ab89d86e534364c4cac697f1ec2cfe7e5645ca34c990a542322ae287
mid_031.jpg,mid,train,261.7,35.45,359df82ea139a95b71cd196fe37b3aa8d68d3f39dd9091f446ce51455a332cb2
mid_032.jpg,mid,train,251.1,33.6,4e0977abe1e59ba2520eed78feba63afe9f22aff0338d3c9d6f22e98365b23ff
mid_033.jpg,mid,train,245.71,33.77,d0cfb7421732f7412db7b43150ff370cddb6e23d3e2cb1e2cb4de021df867524
mid_034.jpg,mid,train,235.86,34.57,fde2c060eef17c1a45947bb5a17cbdf6cc08a4c3467ae8310e66939c69234bbc
mid_035.jpg,mid,train,226.94,35.15,c1479be92613acae8e769e5d2531a878ee5191cc5969ac4b338a3cd32e4fe9fe
mid_036.jpg,mid,holdout,219.02,34.27,f30572f9df32b0fb2a79617502aa180fa240cbe616d4cec3cd936610504edc86
mid_037.jpg,mid,train,198.78,27.42,9d32d59faf38d1a3433e7e23f94b688e6322bf635161ae4a836deb3c616d0fc1
top_001.jpg,top,train,245.92,48.86,15fc225907b99d952a2bd178ed872eb3cdbcdb6fe9014a192eb67a65a3982ace
top_002.jpg,top,train,168.74,44.73,d2e2f178022b9c5137d940976439972c5bb6ad49cf9852ad4723a2974f4a77fa
top_003.jpg,top,train,144.69,46.48,93274f99e2326cf97225944f9890041840606698fa319bd1873539b78c6c60d7
top_004.jpg,top,train,97.78,48.11,253c8a0f2827a2c6b8ffea02a93db88ffb648be0a0a19afd2fbcdfbee92c6ade
top_005.jpg,top,holdout,62.91,47.33,588f83a22422ea15ca28352a0baaa9b24c9f940c44c96b6a84ec811e95850622
top_006.jpg,top,train,346.81,32.19,a3d54e30810fb5b9270e7e46fbe050a17297a36620d6ef11a88186977c53d9ed
top_007.jpg,top,train,316.69,36.29,74210ba9544d232e9f115d06cabeb4c18fb1c20f000bbeb9d136964eb40860bb
top_008.jpg,top,train,276.99,35.69,e0e94058c596810f9ba0ffe495044834b931aebe97ea19f9bf161136e30f40d3
